estacion,fecha,altura_relativa_mm
EBPT,2021-01-06,0.00
EBPT,2021-01-13,5.11
EBPT,2021-01-20,4.28
EBPT,2021-01-27,6.31
EBPT,2021-02-03,8.91
EBPT,2021-02-10,11.90
EBPT,2021-02-17,7.77
EBPT,2021-02-24,12.78
EBPT,2021-03-03,6.84
EBPT,2021-03-10,11.30
EBPT,2021-03-17,4.94
EBPT,2021-03-24,6.20
EBPT,2021-03-31,9.30
EBPT,2021-04-07,4.91
EBPT,2021-04-14,4.18
EBPT,2021-04-21,5.43
EBPT,2021-04-28,5.83
EBPT,2021-05-05,-3.15
EBPT,2021-05-12,0.11
EBPT,2021-05-19,1.25
EBPT,2021-05-26,-1.64
EBPT,2021-06-02,-4.76
EBPT,2021-06-09,-7.46
EBPT,2021-06-16,-10.02
EBPT,2021-06-23,-8.34
EBPT,2021-06-30,-10.71
EBPT,2021-07-07,-5.52
EBPT,2021-07-14,-7.93
EBPT,2021-07-21,-8.36
EBPT,2021-07-28,-9.70
EBPT,2021-08-04,-10.30
EBPT,2021-08-11,-6.31
EBPT,2021-08-18,-7.77
EBPT,2021-08-25,-4.98
EBPT,2021-09-01,-4.95
EBPT,2021-09-08,-7.15
EBPT,2021-09-15,-6.56
EBPT,2021-09-22,-5.86
EBPT,2021-09-29,-5.95
EBPT,2021-10-06,-3.68
EBPT,2021-10-13,-2.93
EBPT,2021-10-20,-6.47
EBPT,2021-10-27,-7.20
EBPT,2021-11-03,-5.35
EBPT,2021-11-10,-5.72
EBPT,2021-11-17,-2.86
EBPT,2021-11-24,-6.88
EBPT,2021-12-01,0.71
EBPT,2021-12-29,4.02
EBPT,2022-01-12,0.90
EBPT,2022-01-19,2.62
EBPT,2022-01-26,5.01
EBPT,2022-02-02,4.50
EBPT,2022-02-09,8.40
EBPT,2022-02-16,2.64
EBPT,2022-02-23,0.86
EBPT,2022-03-02,6.36
EBPT,2022-03-09,8.96
EBPT,2022-03-16,5.10
EBPT,2022-03-23,4.17
EBPT,2022-03-30,3.11
EBPT,2022-04-06,1.60
EBPT,2022-04-13,-1.06
EBPT,2022-05-11,-2.70
EBPT,2022-05-18,-5.78
EBPT,2022-05-25,-5.73
EBPT,2022-06-01,-4.16
EBPT,2022-08-17,-6.95
EBPT,2022-08-24,-7.91
EBPT,2022-08-31,-5.65
EBPT,2022-09-07,-10.97
EBPT,2022-09-14,-12.56
EBPT,2022-09-21,-12.89
EBPT,2022-09-28,-7.44
EBPT,2022-10-05,-11.33
EBPT,2022-10-12,-7.28
EBPT,2022-10-19,-6.00
EBPT,2022-10-26,-9.22
EBPT,2022-11-02,-8.42
EBPT,2022-11-09,-7.11
EBPT,2022-11-16,-9.85
EBPT,2022-11-23,-8.60
EBPT,2022-11-30,-6.33
EBPT,2022-12-07,-5.45
EBPT,2022-12-14,-4.76
EBPT,2022-12-21,1.61
EBPT,2022-12-28,-4.54
EBPT,2023-03-08,82.11
EBPT,2023-03-22,132.67
EBPT,2023-03-29,94.51
EBPT,2023-05-24,44.59
EBPT,2023-06-28,-2.21
EBPT,2023-07-05,-4.94
EBPT,2023-07-12,-5.43
EBPT,2023-07-19,-3.78
EBPT,2023-07-26,-0.13
EBPT,2023-08-02,-2.12
EBPT,2023-08-09,1.98
EBPT,2023-08-16,-0.35
EBPT,2023-08-23,4.03
EBPT,2023-08-30,0.67
EBPT,2023-09-06,-1.51
EBPT,2023-09-13,4.53
EBPT,2023-09-20,-0.29
EBPT,2023-09-27,5.34
EBPT,2023-10-04,3.18
EBPT,2023-10-11,1.72
EBPT,2023-10-18,1.65
EBPT,2023-10-25,2.57
EBPT,2023-11-01,2.00
EBPT,2023-11-08,0.10
EBPT,2023-11-15,4.84
EBPT,2023-11-22,1.61
EBPT,2023-11-29,-1.50
EBPT,2023-12-06,7.50
EBPT,2023-12-13,16.17
EBPT,2023-12-20,16.34
EBPT,2024-01-10,6.23
EBPT,2024-01-17,13.94
EBPT,2024-01-24,9.17
EBPT,2024-01-31,9.62
EBPT,2024-02-07,13.61
EBPT,2024-02-14,12.45
EBPT,2024-02-21,9.71
EBPT,2024-02-28,7.66
EBPT,2024-03-06,12.00
EBPT,2024-03-13,17.08
EBPT,2024-03-20,15.11
EBPT,2024-03-27,11.80
EBPT,2024-04-03,14.63
EBPT,2024-04-10,16.59
EBPT,2024-04-17,13.78
EBPT,2024-04-24,15.28
EBPT,2024-05-01,8.11
EBPT,2024-05-15,8.96
EBPT,2024-05-22,5.75
EBPT,2024-05-29,6.79
EBPT,2024-06-05,0.13
EBPT,2024-06-12,1.56
EBPT,2024-06-19,3.35
EBPT,2024-06-26,-5.31
EBPT,2024-07-03,-2.76
EBPT,2024-07-10,-1.01
EBPT,2024-07-17,-1.67
EBPT,2024-07-24,-1.51
EBPT,2024-07-31,2.00
EBPT,2024-08-07,3.19
EBPT,2024-08-14,2.75
EBPT,2024-08-21,0.83
EBPT,2024-08-28,3.70
EBPT,2024-09-04,2.39
EBPT,2024-09-11,5.66
EBPT,2024-09-18,8.25
EBPT,2024-09-25,7.48
EBPT,2024-10-02,6.12
EBPT,2024-10-09,5.22
EBPT,2024-10-16,6.85
EBPT,2024-10-23,8.27
EBPT,2024-10-30,3.63
EBPT,2024-11-06,7.13
EBPT,2024-11-13,4.04
EBPT,2024-11-20,7.78
EBPT,2024-11-27,7.32
EBPT,2024-12-04,7.83
EBPT,2024-12-18,6.08
EBPT,2024-12-25,13.43
EBPT,2025-01-01,8.03
EBPT,2025-01-29,12.46
EBPT,2025-02-05,17.08
EBPT,2025-02-12,9.41
EBPT,2025-02-19,13.16
EBPT,2025-10-15,-1.75
EBPT,2025-10-22,-2.30
EBPT,2025-10-29,-0.82
EBPT,2025-11-05,-0.81
EBPT,2025-11-12,1.75
EBPT,2025-11-19,0.31
EBPT,2025-11-26,0.09
EBPT,2025-12-03,-0.52
EBPT,2025-12-10,8.54
EBPT,2025-12-17,2.04
EBPT,2025-12-24,1.13
EBPT,2025-12-31,1.77
EBPT,2026-01-07,0.62
EBPT,2026-01-14,2.99
EBPT,2026-01-21,4.25
EBPT,2026-01-28,4.86
EBPT,2026-02-04,2.54
EBPT,2026-02-11,1.03
EBPT,2026-02-18,5.04
EBPT,2026-02-25,1.41
EBPT,2026-03-04,5.33
EBPT,2026-03-11,2.28
EBPT,2026-03-18,4.50
EBPT,2026-03-25,7.03
EBPT,2026-04-01,3.19
EBPT,2026-04-08,5.71
EBPT,2026-04-15,-2.93
EBPT,2026-04-22,5.42
EBPT,2026-04-29,-0.04
EBPT,2026-05-06,-2.11
EBPT,2026-05-13,1.51
EBPT,2026-05-20,2.09
CASI,2008-12-10,0.00
CASI,2008-12-17,3.62
CASI,2008-12-24,5.95
CASI,2008-12-31,4.71
CASI,2009-01-14,6.24
CASI,2009-01-21,9.31
CASI,2009-01-28,13.46
CASI,2009-02-04,12.87
CASI,2009-02-11,13.58
CASI,2009-02-18,14.77
CASI,2009-02-25,12.67
CASI,2009-03-04,11.31
CASI,2009-03-11,17.17
CASI,2009-03-18,17.35
CASI,2009-03-25,12.72
CASI,2009-04-01,14.53
CASI,2009-04-08,12.78
CASI,2009-04-15,12.75
CASI,2009-04-22,6.73
CASI,2009-04-29,7.82
CASI,2009-05-06,9.65
CASI,2009-05-13,8.47
CASI,2009-05-20,10.74
CASI,2009-05-27,12.75
CASI,2009-06-03,9.48
CASI,2009-06-10,4.03
CASI,2009-06-17,3.40
CASI,2009-06-24,3.19
CASI,2009-07-01,5.98
CASI,2009-07-08,9.03
CASI,2009-07-15,10.13
CASI,2009-07-22,10.70
CASI,2009-07-29,10.61
CASI,2009-08-05,11.81
CASI,2009-08-12,13.76
CASI,2009-08-19,10.69
CASI,2009-08-26,12.32
CASI,2009-09-02,12.90
CASI,2009-09-09,13.52
CASI,2009-09-16,9.19
CASI,2009-09-23,14.53
CASI,2009-09-30,14.83
CASI,2009-10-07,18.76
CASI,2009-10-14,16.40
CASI,2009-10-21,14.66
CASI,2009-10-28,13.38
CASI,2009-11-04,11.38
CASI,2009-11-11,6.10
CASI,2009-11-18,7.18
CASI,2009-11-25,8.13
CASI,2009-12-02,10.83
CASI,2009-12-09,8.99
CASI,2009-12-16,8.63
CASI,2009-12-23,10.49
CASI,2009-12-30,10.77
CASI,2010-01-06,15.77
CASI,2010-01-13,14.84
CASI,2010-02-10,27.38
CASI,2010-02-17,25.62
CASI,2010-02-24,26.75
CASI,2010-03-10,19.95
CASI,2010-03-17,21.51
CASI,2010-03-24,25.19
CASI,2010-03-31,20.11
CASI,2010-04-07,16.90
CASI,2010-04-14,17.20
CASI,2010-04-21,21.61
CASI,2010-04-28,23.51
CASI,2010-05-05,26.19
CASI,2010-05-12,21.42
CASI,2010-05-19,19.75
CASI,2010-05-26,14.43
CASI,2015-03-04,23.90
CASI,2015-03-11,22.95
CASI,2015-03-18,26.06
CASI,2015-03-25,21.07
CASI,2015-04-01,31.12
CASI,2015-04-08,23.55
CASI,2015-04-15,22.29
CASI,2015-04-22,25.87
CASI,2015-04-29,23.54
CASI,2015-05-06,21.62
CASI,2015-05-13,22.45
CASI,2015-05-20,18.16
CASI,2015-05-27,16.79
CASI,2015-06-03,20.82
CASI,2015-06-10,17.26
CASI,2015-06-17,24.97
CASI,2015-06-24,17.24
CASI,2015-07-01,18.62
CASI,2015-07-08,21.52
CASI,2015-07-15,21.07
CASI,2015-07-22,18.04
CASI,2015-07-29,18.89
CASI,2015-08-05,22.65
CASI,2015-08-12,18.16
CASI,2015-08-19,17.84
CASI,2015-08-26,15.59
CASI,2015-09-02,21.29
CASI,2015-09-09,15.55
CASI,2015-09-16,17.41
CASI,2015-09-23,18.97
CASI,2015-09-30,17.78
CASI,2015-10-07,21.56
CASI,2015-10-14,20.42
CASI,2015-10-21,21.07
CASI,2015-10-28,17.01
CASI,2015-11-04,14.36
CASI,2015-11-11,16.71
CASI,2015-11-18,17.15
CASI,2015-11-25,15.32
CASI,2015-12-02,23.09
CASI,2015-12-09,17.23
CASI,2015-12-16,22.90
CASI,2015-12-23,24.20
CASI,2015-12-30,24.26
CASI,2016-01-06,24.54
CASI,2016-01-13,23.24
CASI,2016-01-20,22.98
CASI,2016-01-27,24.04
CASI,2016-02-03,25.63
CASI,2016-02-10,22.03
CASI,2016-02-17,23.58
CASI,2016-02-24,28.36
CASI,2016-03-02,23.17
CASI,2016-03-09,25.74
CASI,2016-03-16,23.87
CASI,2016-03-23,22.71
CASI,2016-03-30,24.36
CASI,2016-04-06,22.62
CASI,2016-04-13,23.99
CASI,2016-04-20,27.21
CASI,2016-04-27,21.68
CASI,2016-05-04,20.09
CASI,2016-05-11,18.09
CASI,2016-05-18,21.74
CASI,2016-05-25,21.63
CASI,2016-06-01,22.14
CASI,2016-06-08,19.65
CASI,2016-06-15,18.81
CASI,2016-06-22,17.35
CASI,2016-06-29,18.66
CASI,2016-07-06,15.19
CASI,2016-07-13,15.39
CASI,2016-07-20,12.88
CASI,2016-07-27,12.26
CASI,2016-08-03,15.20
CASI,2016-08-10,18.17
CASI,2016-08-17,16.77
CASI,2016-08-24,19.88
CASI,2016-08-31,17.74
CASI,2016-09-07,17.55
CASI,2016-09-14,18.24
CASI,2016-09-21,16.91
CASI,2016-09-28,20.41
CASI,2016-10-05,23.15
CASI,2016-10-12,14.47
CASI,2016-10-19,21.00
CASI,2016-10-26,22.45
CASI,2016-11-02,14.26
CASI,2016-11-09,12.98
CASI,2016-11-16,18.10
CASI,2016-11-23,13.05
CASI,2016-11-30,17.15
CASI,2016-12-07,17.04
CASI,2016-12-14,18.94
CASI,2016-12-21,22.21
CASI,2016-12-28,16.25
CASI,2017-01-04,20.48
CASI,2017-01-11,12.94
CASI,2017-06-07,15.12
CASI,2017-06-14,12.66
CASI,2017-06-21,15.34
CASI,2017-06-28,14.79
CASI,2017-07-12,12.55
CASI,2017-07-19,10.67
CASI,2017-07-26,16.94
CASI,2017-08-02,14.16
CASI,2017-08-09,18.89
CASI,2017-08-16,16.10
CASI,2017-08-23,15.57
CASI,2017-08-30,14.98
CASI,2017-09-06,16.80
CASI,2017-09-13,14.45
CASI,2017-09-20,15.46
CASI,2017-09-27,16.61
CASI,2017-10-04,15.26
CASI,2017-10-11,18.53
CASI,2017-10-18,18.29
CASI,2017-10-25,16.75
CASI,2017-11-01,20.22
CASI,2017-11-08,15.39
CASI,2017-11-15,17.47
CASI,2017-11-22,18.68
CASI,2017-11-29,16.00
CASI,2017-12-06,20.50
CASI,2017-12-13,24.89
CASI,2017-12-20,15.59
CASI,2017-12-27,17.03
CASI,2018-01-03,18.02
CASI,2018-01-10,13.86
CASI,2018-01-17,19.04
CASI,2018-01-24,19.01
CASI,2018-01-31,19.61
CASI,2018-02-07,16.65
CASI,2018-02-14,15.44
CASI,2018-02-21,16.73
CASI,2018-02-28,18.68
CASI,2018-03-07,24.13
CASI,2018-03-14,25.49
CASI,2018-03-21,22.81
CASI,2018-03-28,25.92
CASI,2018-04-04,22.24
CASI,2018-04-11,19.93
CASI,2018-04-18,18.10
CASI,2018-04-25,21.17
CASI,2018-05-02,18.05
CASI,2018-05-09,14.33
CASI,2018-05-16,14.54
CASI,2018-05-23,17.80
CASI,2018-05-30,8.44
CASI,2018-06-06,12.57
CASI,2018-06-13,12.62
CASI,2018-06-20,16.12
CASI,2018-06-27,8.38
CASI,2018-07-04,11.94
CASI,2018-07-11,13.11
CASI,2018-07-18,13.46
CASI,2018-07-25,14.88
CASI,2018-08-01,10.38
CASI,2018-08-08,14.33
CASI,2018-08-15,15.59
CASI,2018-08-22,15.77
CASI,2018-08-29,22.24
CASI,2018-09-05,17.53
CASI,2018-09-12,22.09
CASI,2018-09-19,21.72
CASI,2018-09-26,19.86
CASI,2018-10-03,17.75
CASI,2018-10-10,14.17
CASI,2018-10-17,14.51
CASI,2018-10-24,16.47
CASI,2018-10-31,12.79
CASI,2018-11-07,17.10
CASI,2018-11-14,18.28
CASI,2018-11-21,16.62
CASI,2018-11-28,26.92
CASI,2018-12-05,19.14
CASI,2018-12-12,14.35
CASI,2018-12-19,15.85
CASI,2018-12-26,21.50
CASI,2019-01-09,21.87
CASI,2019-01-16,21.23
CASI,2019-01-23,23.16
CASI,2019-01-30,26.87
CASI,2019-02-06,26.18
CASI,2019-02-13,24.34
CASI,2019-02-20,30.66
CASI,2019-02-27,25.04
CASI,2019-03-06,28.14
CASI,2019-03-13,27.35
CASI,2019-03-20,24.74
CASI,2019-03-27,27.07
CASI,2019-04-03,23.30
CASI,2019-04-10,25.13
CASI,2020-02-12,19.61
CASI,2020-02-19,27.57
CASI,2020-02-26,29.58
CASI,2020-03-04,28.32
CASI,2020-03-11,31.99
CASI,2020-03-18,31.89
CASI,2020-03-25,32.32
CASI,2020-04-01,34.63
CASI,2020-04-08,32.71
CASI,2020-04-15,31.74
CASI,2020-04-22,32.92
CASI,2020-04-29,30.29
CASI,2020-05-06,31.09
CASI,2020-05-13,31.18
CASI,2020-05-20,26.17
CASI,2020-05-27,22.62
CASI,2020-06-03,18.89
CASI,2020-06-10,21.14
CASI,2020-06-17,21.92
CASI,2020-06-24,22.53
CASI,2020-07-01,24.18
CASI,2020-07-08,20.36
CASI,2020-07-15,18.88
CASI,2020-07-22,18.00
CASI,2020-07-29,17.54
CASI,2020-08-05,14.60
CASI,2020-08-12,23.87
CASI,2020-08-19,19.51
CASI,2020-08-26,20.03
CASI,2020-09-02,18.77
CASI,2020-09-09,15.86
CASI,2020-09-16,16.56
CASI,2020-09-23,17.42
CASI,2020-09-30,18.59
CASI,2020-10-07,15.00
CASI,2020-10-14,19.95
CASI,2020-10-21,16.60
CASI,2020-10-28,20.96
CASI,2020-11-04,16.53
CASI,2020-11-11,21.00
CASI,2020-11-18,16.24
CASI,2020-11-25,22.57
CASI,2020-12-02,20.32
CASI,2020-12-09,20.05
CASI,2020-12-16,23.03
CASI,2020-12-23,20.34
CASI,2020-12-30,17.52
CASI,2021-01-06,18.81
CASI,2021-01-13,22.06
CASI,2021-01-20,22.08
CASI,2021-01-27,25.80
CASI,2021-02-03,25.63
CASI,2021-02-10,23.65
CASI,2021-02-17,27.93
CASI,2021-02-24,26.34
CASI,2021-03-03,28.42
CASI,2021-03-10,28.80
CASI,2021-03-17,28.66
CASI,2021-03-24,27.44
CASI,2021-03-31,27.32
CASI,2021-04-07,24.95
CASI,2021-04-14,20.99
CASI,2021-04-21,23.47
CASI,2021-04-28,24.29
CASI,2021-05-05,16.83
CASI,2021-05-12,14.60
CASI,2021-05-19,18.78
CASI,2021-05-26,15.30
CASI,2021-06-02,13.59
CASI,2021-06-09,11.03
CASI,2021-06-16,12.67
CASI,2021-06-23,12.84
CASI,2021-06-30,14.49
CASI,2021-07-07,14.60
CASI,2021-07-14,15.48
CASI,2021-07-21,13.53
CASI,2021-07-28,11.14
CASI,2021-08-04,9.41
CASI,2021-08-11,12.77
CASI,2021-08-18,13.85
CASI,2021-08-25,12.86
CASI,2021-09-01,9.99
CASI,2021-09-08,8.83
CASI,2021-09-15,12.95
CASI,2021-09-22,15.29
CASI,2021-09-29,13.32
CASI,2021-10-06,12.96
CASI,2021-10-13,12.85
CASI,2021-10-20,15.68
CASI,2021-10-27,17.19
CASI,2021-11-03,13.94
CASI,2021-11-10,12.29
CASI,2021-11-17,17.32
CASI,2021-11-24,16.07
CASI,2021-12-01,12.10
CASI,2021-12-08,19.04
CASI,2021-12-15,18.23
CASI,2021-12-22,16.51
CASI,2021-12-29,19.78
CASI,2022-01-05,19.28
CASI,2022-01-12,21.17
CASI,2022-01-19,21.81
CASI,2022-01-26,21.32
CASI,2022-02-02,20.53
CASI,2022-02-09,22.39
CASI,2022-02-16,23.97
CASI,2022-02-23,22.38
CASI,2022-03-02,20.94
CASI,2022-03-09,24.52
CASI,2022-03-16,21.58
CASI,2022-03-23,23.45
CASI,2022-03-30,22.47
CASI,2022-04-06,21.56
CASI,2022-04-13,17.53
CASI,2022-04-20,16.54
CASI,2022-04-27,15.61
CASI,2022-05-04,10.78
CASI,2022-06-15,8.69
CASI,2022-06-22,8.64
CASI,2022-06-29,3.38
CASI,2022-07-06,-5.72
CASI,2022-08-17,18.33
CASI,2022-08-24,19.14
CASI,2022-08-31,15.60
CASI,2022-09-07,13.51
CASI,2022-09-14,17.44
CASI,2022-09-21,16.07
CASI,2022-09-28,19.41
CASI,2022-10-05,18.34
CASI,2022-10-12,20.06
CASI,2022-10-19,21.41
CASI,2022-10-26,16.50
CASI,2022-11-02,13.62
CASI,2022-11-09,14.94
CASI,2022-11-16,15.90
CASI,2022-11-23,20.61
CASI,2023-03-01,27.39
CASI,2023-03-08,26.55
CASI,2023-03-15,21.91
CASI,2023-03-22,24.34
CASI,2023-03-29,24.69
CASI,2023-04-05,23.36
CASI,2023-04-12,26.78
CASI,2023-04-19,21.97
CASI,2023-04-26,27.00
CASI,2023-05-03,23.71
CASI,2023-05-10,25.14
CASI,2023-05-17,21.60
CASI,2023-05-24,16.69
CASI,2023-05-31,12.69
CASI,2023-06-07,17.13
CASI,2023-06-14,11.30
CASI,2023-06-21,13.22
CASI,2023-06-28,18.83
CASI,2023-07-05,15.37
CASI,2023-07-12,16.21
CASI,2023-07-19,17.74
CASI,2023-07-26,15.53
CASI,2023-08-02,16.32
CASI,2023-08-09,18.14
CASI,2023-08-16,18.97
CASI,2023-08-23,17.98
CASI,2023-08-30,15.74
CASI,2023-09-06,19.82
CASI,2023-09-13,18.14
CASI,2023-09-20,24.59
CASI,2023-09-27,27.41
CASI,2023-10-04,22.41
CASI,2023-10-11,19.27
CASI,2023-10-18,18.67
CASI,2023-10-25,19.37
CASI,2023-11-01,15.72
CASI,2023-11-08,22.85
CASI,2023-11-15,21.10
CASI,2023-11-22,19.70
CASI,2023-11-29,19.51
CASI,2023-12-06,26.49
CASI,2023-12-13,29.55
CASI,2023-12-20,24.71
CASI,2023-12-27,27.79
CASI,2024-01-03,29.65
CASI,2024-01-10,23.75
CASI,2024-01-17,27.78
CASI,2024-01-24,28.14
CASI,2024-01-31,29.42
CASI,2024-02-07,31.08
CASI,2024-02-14,30.94
CASI,2024-02-21,29.19
CASI,2024-02-28,32.86
CASI,2024-03-06,38.25
CASI,2024-03-13,34.24
CASI,2024-03-20,30.39
CASI,2024-03-27,28.57
CASI,2024-04-03,32.73
CASI,2024-04-10,34.13
CASI,2024-04-17,33.69
CASI,2024-05-15,29.47
CASI,2024-05-22,30.58
CASI,2024-05-29,25.03
CASI,2024-06-05,24.31
CASI,2024-06-12,27.22
CASI,2024-06-19,22.25
CASI,2024-06-26,21.84
CASI,2024-07-03,20.60
CASI,2024-07-10,24.54
CASI,2024-07-17,20.45
CASI,2024-07-24,25.87
CASI,2024-07-31,25.56
CASI,2024-08-07,25.48
CASI,2024-08-14,28.28
CASI,2024-08-21,30.80
CASI,2024-08-28,26.77
CASI,2024-09-04,26.85
CASI,2024-09-11,33.44
CASI,2024-09-18,30.40
CASI,2024-09-25,33.08
CASI,2024-10-02,31.77
CASI,2024-10-09,28.32
CASI,2024-10-16,29.02
CASI,2024-10-23,31.40
CASI,2024-10-30,29.56
CASI,2024-11-06,28.00
CASI,2024-11-13,28.69
CASI,2024-11-20,23.02
CASI,2024-11-27,27.14
CASI,2024-12-04,36.19
CASI,2024-12-11,33.91
CASI,2024-12-18,31.91
CASI,2024-12-25,32.93
CASI,2025-01-01,35.83
CASI,2025-01-08,35.47
CASI,2025-01-15,34.63
CASI,2025-01-22,33.34
CASI,2025-01-29,33.25
CASI,2025-02-05,36.18
CASI,2025-02-12,38.92
CASI,2025-02-19,32.35
CASI,2025-02-26,34.65
CASI,2025-03-05,32.87
CASI,2025-03-12,36.01
CASI,2025-03-19,36.74
CASI,2025-03-26,31.90
CASI,2025-04-02,24.91
CASI,2025-04-09,23.52
CASI,2025-04-16,26.11
CASI,2025-04-23,28.00
CASI,2025-04-30,23.93
CASI,2025-05-07,17.96
CASI,2025-05-14,26.11
CASI,2025-05-21,20.33
CASI,2025-05-28,20.47
CASI,2025-06-04,19.78
CASI,2025-06-11,18.62
CASI,2025-06-18,20.99
CASI,2025-06-25,20.38
CASI,2025-07-02,17.87
CASI,2025-07-09,21.81
CASI,2025-07-16,18.69
CASI,2025-07-23,19.47
CASI,2025-07-30,25.25
CASI,2025-08-06,20.95
CASI,2025-08-13,22.41
CASI,2025-08-20,19.07
CASI,2025-08-27,22.95
CASI,2025-09-03,24.26
CASI,2025-09-10,20.02
CASI,2025-09-17,20.88
CASI,2025-09-24,21.31
CASI,2025-10-01,22.36
CASI,2025-10-08,25.42
CASI,2025-10-15,25.18
CASI,2025-10-22,23.94
CASI,2025-10-29,28.78
CASI,2025-11-05,25.86
CASI,2025-11-12,24.99
CASI,2025-11-19,26.17
CASI,2025-11-26,24.74
CASI,2025-12-03,23.08
CASI,2025-12-10,30.31
CASI,2025-12-17,24.92
CASI,2025-12-24,23.78
CASI,2025-12-31,29.25
CASI,2026-01-07,27.63
CASI,2026-01-14,30.63
CASI,2026-01-21,31.25
CASI,2026-01-28,30.91
CASI,2026-02-04,30.27
CASI,2026-02-11,27.58
CASI,2026-02-18,27.35
CASI,2026-02-25,26.95
CASI,2026-03-04,29.91
CASI,2026-03-11,26.22
CASI,2026-03-18,27.90
CASI,2026-03-25,32.33
CASI,2026-04-01,24.89
CASI,2026-04-08,32.51
CASI,2026-04-15,31.88
CASI,2026-04-22,30.22
CASI,2026-04-29,27.23
CASI,2026-05-06,25.94
CASI,2026-05-13,29.97
CASI,2026-05-20,30.48
TARZ,2021-03-31,0.00
TARZ,2021-04-07,-1.96
TARZ,2021-04-14,-1.38
TARZ,2021-04-21,-3.37
TARZ,2021-04-28,-2.98
TARZ,2021-05-05,-7.58
TARZ,2021-05-12,-7.40
TARZ,2021-05-19,-6.37
TARZ,2021-05-26,-9.36
TARZ,2021-06-02,-14.40
TARZ,2021-06-09,-13.93
TARZ,2021-06-16,-12.07
TARZ,2021-06-23,-16.41
TARZ,2021-06-30,-14.00
TARZ,2021-07-07,-12.87
TARZ,2021-07-14,-11.07
TARZ,2021-07-21,-11.08
TARZ,2021-07-28,-14.14
TARZ,2021-08-04,-16.36
TARZ,2021-08-11,-10.98
TARZ,2021-08-18,-11.93
TARZ,2021-08-25,-6.53
TARZ,2021-09-01,-9.72
TARZ,2021-09-08,-11.01
TARZ,2021-09-15,-12.53
TARZ,2021-09-22,-9.39
TARZ,2021-09-29,-9.86
TARZ,2021-10-06,-6.35
TARZ,2021-10-13,-10.97
TARZ,2021-10-20,-13.97
TARZ,2021-10-27,-8.99
TARZ,2021-11-03,-6.27
TARZ,2021-11-10,-15.62
TARZ,2021-11-17,-13.34
TARZ,2021-11-24,-10.09
TARZ,2021-12-01,-9.55
TARZ,2021-12-08,-9.83
TARZ,2021-12-15,-7.99
TARZ,2021-12-22,-5.52
TARZ,2021-12-29,-4.68
TARZ,2022-01-05,-6.49
TARZ,2022-03-02,-4.10
TARZ,2022-03-09,11.48
TARZ,2022-03-16,-0.32
TARZ,2022-03-23,-1.92
TARZ,2022-04-13,3.67
TARZ,2022-04-20,-6.43
TARZ,2022-04-27,-9.75
TARZ,2022-05-04,-8.74
TARZ,2022-05-11,-7.91
TARZ,2022-05-18,-14.74
TARZ,2022-05-25,-15.08
TARZ,2022-06-01,-14.80
TARZ,2022-06-08,-16.30
TARZ,2022-06-15,-16.65
TARZ,2022-06-22,-14.88
TARZ,2022-06-29,-20.94
TARZ,2022-07-06,-22.38
TARZ,2022-08-24,-15.62
TARZ,2022-08-31,-11.24
TARZ,2022-09-07,-16.10
TARZ,2022-09-14,-14.42
TARZ,2022-09-21,-15.32
TARZ,2022-09-28,-12.26
TARZ,2022-10-05,-12.49
TARZ,2022-10-12,-14.56
TARZ,2022-10-19,-9.77
TARZ,2022-10-26,-13.09
TARZ,2022-11-02,-12.14
TARZ,2022-11-09,-12.56
TARZ,2022-11-16,-12.61
TARZ,2022-11-23,-14.19
TARZ,2022-11-30,-8.77
TARZ,2022-12-07,-7.44
TARZ,2022-12-14,-9.43
TARZ,2022-12-21,-5.54
TARZ,2022-12-28,-1.77
TARZ,2023-03-01,83.45
TARZ,2023-03-08,68.55
TARZ,2023-03-15,102.43
TARZ,2023-03-22,155.47
TARZ,2023-03-29,59.39
TARZ,2023-05-24,84.37
TARZ,2023-06-28,-12.72
TARZ,2023-07-05,-16.41
TARZ,2023-07-12,5.00
TARZ,2023-07-19,1.05
TARZ,2023-07-26,-4.50
TARZ,2023-08-02,-2.21
TARZ,2023-08-09,-2.07
TARZ,2023-08-16,-1.55
TARZ,2023-08-30,-6.08
TARZ,2023-09-06,-2.25
TARZ,2023-09-20,-2.88
TARZ,2023-09-27,-0.24
TARZ,2023-10-04,-2.93
TARZ,2023-10-11,-1.40
TARZ,2023-10-18,-7.90
TARZ,2023-10-25,-5.07
TARZ,2023-11-01,-4.25
TARZ,2023-11-08,-5.28
TARZ,2023-11-15,-4.65
TARZ,2023-11-22,-3.70
TARZ,2023-11-29,-2.12
TARZ,2023-12-06,-3.34
TARZ,2023-12-13,0.26
TARZ,2023-12-20,-2.59
TARZ,2023-12-27,-4.24
TARZ,2024-01-03,-1.64
TARZ,2024-01-10,-0.49
TARZ,2024-01-17,3.60
TARZ,2024-01-24,3.03
TARZ,2024-01-31,8.67
TARZ,2024-02-07,6.47
TARZ,2024-02-14,3.26
TARZ,2024-02-21,1.90
TARZ,2024-02-28,5.72
TARZ,2024-03-06,10.32
TARZ,2024-03-13,10.97
TARZ,2024-03-20,3.90
TARZ,2024-03-27,2.98
TARZ,2024-04-03,5.03
TARZ,2024-04-10,6.64
TARZ,2024-04-17,6.33
TARZ,2024-04-24,-1.20
TARZ,2024-05-01,7.28
TARZ,2024-05-08,-0.68
TARZ,2024-05-15,-1.58
TARZ,2024-05-22,-0.78
TARZ,2024-05-29,-3.60
TARZ,2024-06-05,-5.06
TARZ,2024-06-12,-12.53
TARZ,2024-06-19,-7.75
TARZ,2024-06-26,-11.26
TARZ,2024-07-03,-11.42
TARZ,2024-07-10,-11.20
TARZ,2024-07-17,-11.68
TARZ,2024-07-24,-7.49
TARZ,2024-07-31,-10.33
TARZ,2024-08-07,-6.72
TARZ,2024-08-14,-9.42
TARZ,2024-08-21,-4.26
TARZ,2024-08-28,-5.39
TARZ,2024-09-04,-6.51
TARZ,2024-09-11,-5.62
TARZ,2024-09-18,-1.16
TARZ,2024-09-25,-2.47
TARZ,2024-10-02,-2.61
TARZ,2024-10-09,-6.36
TARZ,2024-10-16,-4.73
TARZ,2024-10-23,-6.60
TARZ,2024-10-30,-3.63
TARZ,2024-11-06,-6.01
TARZ,2024-11-13,-11.17
TARZ,2024-11-20,-7.71
TARZ,2024-11-27,0.58
TARZ,2024-12-04,0.27
TARZ,2024-12-11,-3.29
TARZ,2024-12-18,-3.76
TARZ,2024-12-25,-5.23
TARZ,2025-01-01,-2.97
TARZ,2025-01-08,-2.29
TARZ,2025-01-15,-7.57
TARZ,2025-01-22,-10.30
TARZ,2025-01-29,7.44
TARZ,2025-10-08,-16.64
TARZ,2025-10-15,-14.73
TARZ,2025-10-22,-13.93
TARZ,2025-10-29,-9.72
TARZ,2025-11-05,-12.44
TARZ,2025-11-12,-6.08
TARZ,2025-11-19,-14.22
TARZ,2025-11-26,-9.73
TARZ,2025-12-03,-4.08
TARZ,2025-12-10,-10.35
TARZ,2025-12-17,-13.47
TARZ,2025-12-24,-10.39
TARZ,2025-12-31,-13.09
TARZ,2026-01-07,-10.17
TARZ,2026-01-14,-6.84
TARZ,2026-01-21,-8.60
TARZ,2026-01-28,-7.78
TARZ,2026-02-04,-10.00
TARZ,2026-02-11,-15.67
TARZ,2026-02-18,-14.27
TARZ,2026-02-25,-13.95
TARZ,2026-03-04,-9.18
TARZ,2026-03-11,-10.20
TARZ,2026-03-18,-11.09
TARZ,2026-03-25,-7.64
TARZ,2026-04-01,-2.73
TARZ,2026-04-08,-3.80
TARZ,2026-04-15,-1.65
TARZ,2026-04-22,-5.75
TARZ,2026-04-29,-10.15
TARZ,2026-05-06,-7.14
TARZ,2026-05-13,-5.11
TARZ,2026-05-20,-8.44
RIOH,2005-10-26,0.00
RIOH,2005-11-02,-0.99
RIOH,2005-11-09,0.98
RIOH,2005-11-16,-4.57
RIOH,2005-11-23,1.30
RIOH,2005-11-30,-1.97
RIOH,2005-12-07,-0.86
RIOH,2005-12-14,-1.93
RIOH,2005-12-21,-1.48
RIOH,2005-12-28,-0.06
RIOH,2006-01-04,-0.85
RIOH,2006-01-11,-3.45
RIOH,2006-01-18,-3.79
RIOH,2006-01-25,-0.40
RIOH,2006-02-01,1.16
RIOH,2006-02-08,-1.42
RIOH,2006-02-15,-1.75
RIOH,2006-02-22,1.96
RIOH,2006-03-01,0.81
RIOH,2006-03-08,2.10
RIOH,2006-03-15,1.67
RIOH,2006-03-22,1.51
RIOH,2006-03-29,0.69
RIOH,2006-04-05,1.46
RIOH,2006-04-12,8.05
RIOH,2006-04-19,5.85
RIOH,2006-04-26,8.02
RIOH,2006-05-10,-0.68
RIOH,2006-05-17,1.06
RIOH,2006-05-24,2.69
RIOH,2006-05-31,7.53
RIOH,2006-06-07,5.52
RIOH,2006-06-14,0.64
RIOH,2006-06-21,0.49
RIOH,2006-06-28,1.50
RIOH,2006-07-05,-2.64
RIOH,2006-07-12,0.66
RIOH,2006-07-19,-1.57
RIOH,2006-07-26,-3.27
RIOH,2006-08-02,-2.44
RIOH,2006-08-09,1.95
RIOH,2006-08-16,4.87
RIOH,2006-08-23,1.97
RIOH,2006-08-30,6.00
RIOH,2006-09-06,3.18
RIOH,2006-09-13,6.44
RIOH,2006-09-20,1.88
RIOH,2006-09-27,3.77
RIOH,2006-10-04,6.68
RIOH,2006-10-11,5.48
RIOH,2006-10-18,2.65
RIOH,2006-10-25,3.10
RIOH,2006-11-01,7.35
RIOH,2006-11-08,0.25
RIOH,2006-11-15,-2.92
RIOH,2006-11-22,0.57
RIOH,2006-11-29,0.49
RIOH,2006-12-06,7.44
RIOH,2006-12-13,3.60
RIOH,2006-12-20,1.54
RIOH,2006-12-27,5.42
RIOH,2007-01-03,6.55
RIOH,2007-01-10,5.27
RIOH,2007-01-17,2.77
RIOH,2007-01-24,5.38
RIOH,2007-01-31,6.42
RIOH,2007-02-07,4.91
RIOH,2007-02-14,9.21
RIOH,2007-02-21,10.21
RIOH,2007-02-28,8.96
RIOH,2007-03-07,5.57
RIOH,2007-03-14,9.48
RIOH,2007-03-21,6.38
RIOH,2007-03-28,6.92
RIOH,2007-04-04,8.16
RIOH,2007-04-11,5.83
RIOH,2007-04-18,9.23
RIOH,2007-04-25,9.31
RIOH,2007-05-02,6.78
RIOH,2007-05-09,2.90
RIOH,2007-05-16,2.48
RIOH,2007-05-23,3.87
RIOH,2007-05-30,2.77
RIOH,2007-06-06,2.48
RIOH,2007-06-13,3.66
RIOH,2007-06-20,0.62
RIOH,2007-06-27,3.29
RIOH,2007-07-04,2.73
RIOH,2007-07-11,-0.24
RIOH,2007-07-18,-0.21
RIOH,2007-07-25,-2.27
RIOH,2007-08-01,7.06
RIOH,2007-08-08,2.60
RIOH,2007-08-15,-0.12
RIOH,2007-08-29,-4.75
RIOH,2007-11-07,2.38
RIOH,2007-11-14,-4.92
RIOH,2007-11-21,4.89
RIOH,2007-11-28,4.38
RIOH,2008-01-30,3.61
RIOH,2008-02-06,6.20
RIOH,2008-02-13,7.53
RIOH,2008-02-20,4.40
RIOH,2008-02-27,7.55
RIOH,2008-03-05,6.42
RIOH,2008-03-12,5.33
RIOH,2008-03-19,7.91
RIOH,2008-03-26,3.27
RIOH,2008-04-02,-0.30
RIOH,2008-04-09,8.63
RIOH,2008-04-16,7.69
RIOH,2008-04-23,6.68
RIOH,2008-04-30,6.47
RIOH,2008-05-07,-0.52
RIOH,2008-05-14,3.32
RIOH,2008-05-21,0.00
RIOH,2008-05-28,2.64
RIOH,2008-06-04,1.13
RIOH,2008-06-11,4.58
RIOH,2008-06-18,-5.13
RIOH,2008-06-25,-11.84
RIOH,2008-07-02,0.98
RIOH,2008-07-09,0.68
RIOH,2008-07-16,-3.20
RIOH,2008-07-23,-4.27
RIOH,2008-07-30,3.34
RIOH,2008-08-06,0.43
RIOH,2008-08-13,6.61
RIOH,2008-08-20,0.88
RIOH,2012-05-23,-8.93
RIOH,2012-05-30,-0.76
RIOH,2012-06-06,-6.50
RIOH,2012-06-13,1.82
RIOH,2012-06-20,-1.52
RIOH,2012-06-27,-7.89
RIOH,2012-07-04,-0.20
RIOH,2012-07-11,-2.23
RIOH,2012-07-18,-6.42
RIOH,2012-07-25,2.53
RIOH,2012-08-01,-2.45
RIOH,2012-08-08,7.65
RIOH,2012-08-15,-2.42
RIOH,2012-08-22,-9.07
RIOH,2012-08-29,4.49
RIOH,2012-09-05,-12.65
RIOH,2012-09-12,-2.68
RIOH,2012-09-19,4.17
RIOH,2012-09-26,4.38
RIOH,2012-10-03,2.15
RIOH,2012-10-10,-1.68
RIOH,2012-10-17,8.77
RIOH,2012-10-24,6.20
RIOH,2012-10-31,2.97
RIOH,2012-11-07,6.02
RIOH,2012-11-14,7.53
RIOH,2012-11-21,-0.48
RIOH,2012-11-28,9.05
RIOH,2012-12-05,6.88
RIOH,2012-12-12,8.38
RIOH,2012-12-19,16.24
RIOH,2012-12-26,13.24
RIOH,2013-01-02,10.36
RIOH,2013-01-09,11.12
RIOH,2013-01-16,9.04
RIOH,2013-01-23,10.28
RIOH,2013-01-30,10.19
RIOH,2013-02-06,8.99
RIOH,2013-02-13,10.00
RIOH,2013-02-20,14.60
RIOH,2013-02-27,9.68
RIOH,2013-03-06,8.39
RIOH,2013-03-13,9.55
RIOH,2013-03-20,7.97
RIOH,2013-03-27,8.47
RIOH,2013-04-03,6.51
RIOH,2013-04-10,7.30
RIOH,2013-04-17,8.34
RIOH,2013-04-24,3.42
RIOH,2013-05-01,5.10
RIOH,2013-05-08,2.90
RIOH,2013-05-15,8.24
RIOH,2013-05-22,5.21
RIOH,2013-05-29,3.28
RIOH,2013-06-05,4.74
RIOH,2013-06-12,6.17
RIOH,2013-06-19,5.69
RIOH,2013-06-26,5.54
RIOH,2013-07-03,-0.60
RIOH,2013-07-10,1.94
RIOH,2013-07-17,1.76
RIOH,2013-07-24,9.65
RIOH,2013-07-31,5.59
RIOH,2013-08-07,3.75
RIOH,2013-08-14,7.60
RIOH,2013-08-21,6.04
RIOH,2013-08-28,6.45
RIOH,2013-09-04,3.60
RIOH,2013-09-11,7.80
RIOH,2013-09-18,5.79
RIOH,2013-09-25,5.60
RIOH,2013-10-02,8.80
RIOH,2013-10-09,2.42
RIOH,2013-10-16,9.16
RIOH,2013-10-23,8.45
RIOH,2013-10-30,1.60
RIOH,2013-11-06,10.77
RIOH,2013-11-13,5.69
RIOH,2013-11-20,4.28
RIOH,2013-11-27,4.43
RIOH,2013-12-04,7.27
RIOH,2013-12-11,10.45
RIOH,2013-12-18,12.11
RIOH,2013-12-25,11.08
RIOH,2014-01-01,11.81
RIOH,2014-01-08,8.95
RIOH,2014-01-15,13.76
RIOH,2014-01-22,9.87
RIOH,2014-01-29,10.04
RIOH,2014-02-05,15.21
RIOH,2014-02-12,12.30
RIOH,2014-02-19,5.28
RIOH,2014-02-26,7.59
RIOH,2014-03-05,6.33
RIOH,2014-03-12,4.27
RIOH,2014-03-19,6.59
RIOH,2014-03-26,4.02
RIOH,2014-04-02,3.33
RIOH,2014-04-09,2.94
RIOH,2014-04-16,5.25
RIOH,2014-04-23,4.33
RIOH,2014-04-30,6.95
RIOH,2014-05-07,2.59
RIOH,2014-05-14,8.02
RIOH,2014-05-21,5.83
RIOH,2014-05-28,7.99
RIOH,2014-06-04,9.78
RIOH,2014-06-11,6.99
RIOH,2014-06-18,6.00
RIOH,2014-06-25,6.20
RIOH,2014-07-02,0.81
RIOH,2014-07-09,5.56
RIOH,2014-07-16,4.78
RIOH,2014-07-23,10.18
RIOH,2014-07-30,3.91
RIOH,2014-08-06,3.50
RIOH,2014-08-13,1.33
RIOH,2014-08-20,3.32
RIOH,2014-08-27,-1.07
RIOH,2014-09-03,8.21
RIOH,2014-09-10,4.47
RIOH,2014-09-17,3.93
RIOH,2014-09-24,4.68
RIOH,2023-01-18,27.94
